{"stats":{"minecraft:mined":{"minecraft:grass_block":1,"minecraft:spruce_log":4,"minecraft:netherrack":3,"minecraft:crafting_table":1},"minecraft:crafted":{"minecraft:crafting_table":1,"minecraft:spruce_planks":12,"minecraft:stick":4,"minecraft:wooden_axe":1},"minecraft:killed":{"minecraft:spider":1,"minecraft:cow":2},"minecraft:used":{"minecraft:wooden_axe":11,"minecraft:crafting_table":1,"minecraft:golden_pickaxe":3,"minecraft:obsidian":1},"minecraft:custom":{"minecraft:open_chest":2,"minecraft:time_since_rest":1,"minecraft:play_time":8072,"minecraft:sprint_one_cm":15703,"minecraft:damage_taken":355,"minecraft:walk_one_cm":5716,"minecraft:deaths":1,"minecraft:walk_under_water_one_cm":2713,"minecraft:mob_kills":3,"minecraft:jump":111,"minecraft:damage_dealt":360,"minecraft:leave_game":2,"minecraft:time_since_death":842,"minecraft:walk_on_water_one_cm":20,"minecraft:total_world_time":8072,"minecraft:interact_with_crafting_table":1,"minecraft:fly_one_cm":31532,"minecraft:fall_one_cm":3285},"minecraft:picked_up":{"minecraft:stick":2,"minecraft:crafting_table":1,"minecraft:leather":1,"minecraft:beef":2,"minecraft:spruce_sapling":1,"minecraft:spruce_log":18,"minecraft:netherrack":3,"minecraft:dirt":1,"minecraft:string":1}},"DataVersion":3465}